name,tool_id,category,subcategory,description,link,github_url,offering,open_source,self_hostable,pricing,maturity,released_at,updated_at,score,rank_in_subcategory
thesisai.io,thesisai-io,Academic & Research,SaaS,AI platform for academic writing with accurate inline citations,https://www.thesisai.io/fr/,,saas,false,false,freemium,,,,0,1
AutoScientists,autoscientists,Academic & Research,Python,Self-organizing AI agent teams for long-running scientific experimentation,,https://github.com/mims-harvard/AutoScientists,oss-library,true,true,free,,2026-05-21,2026-05-28,678,1
OpenMed,openmed,Academic & Research,Various,Open-source medical AI models and datasets for healthcare research.,,https://github.com/maziyarpanahi/openmed,oss-library,true,true,free,,2025-10-04,2026-06-28,3871,1
ZeroClaw,zeroclaw,Agent Runtimes & Frameworks,Rust,Fully autonomous AI personal assistant infrastructure,https://yawo.github.io/architools/tooling/zeroclaw.html,,hybrid,false,false,freemium,,,,0,2
AionUi,aionui,Agent Runtimes & Frameworks,Various,Local multi-agent cowork application for desktop collaboration,,https://github.com/iOfficeAI/AionUi,oss-library,true,true,free,,2025-08-07,2026-06-27,28974,3
browserbase skills,browserbase-skills,Agent Runtimes & Frameworks,Various,Reusable browser automation skills for AI agents,,https://github.com/browserbase/skills,oss-library,true,true,free,,2025-10-12,2026-06-27,3610,8
DeerFlow,deerflow,Agent Runtimes & Frameworks,Python,"Long-horizon SuperAgent harness for orchestrating sub-agents, memory, and sandboxes",https://yawo.github.io/architools/tooling/deer-flow.html,,hybrid,false,false,freemium,,,,0,6
eigent-ai,eigent-ai,Agent Runtimes & Frameworks,Various,Open-source desktop automation platform with personal AI workforce,,https://github.com/eigent-ai/eigent,oss-library,true,true,free,,2025-07-29,2026-06-27,14405,5
Everything Claude Code,everything-claude-code,Agent Runtimes & Frameworks,Various,"Performance optimization system for AI agents like Claude Code, Codex, and Cursor",,https://github.com/affaan-m/everything-claude-code,oss-library,true,true,free,,2026-01-18,2026-06-25,222746,2
openwork,openwork,Agent Runtimes & Frameworks,Various,GUI-based alternative to Claude Cowork powered by OpenCode,,https://github.com/different-ai/openwork,oss-library,true,true,free,,2026-01-14,2026-06-28,16435,4
Oz,oz,Agent Runtimes & Frameworks,SaaS,Warp's built-in AI agent and cloud orchestration platform,https://www.warp.dev/oz,,saas,false,false,freemium,,,,0,1
Herdr,herdr,Agent Runtimes & Frameworks,Rust,Terminal-native agent runtime allowing multiple agents to run in one interface,https://herdr.dev/,,hybrid,false,false,freemium,,,,0,3
Superpowers,superpowers,Agent Runtimes & Frameworks,Various,An agentic skills framework and software development methodology that works,,https://github.com/obra/superpowers,oss-library,true,true,free,,2025-10-09,2026-06-25,240224,1
Awesome Claude Code,awesome-claude-code,Agent Runtimes & Frameworks,Markdown,"A curated list of skills, hooks, commands, orchestrators, and plugins for Claude Code",,https://github.com/hesreallyhim/awesome-claude-code,oss-library,true,true,free,,2025-04-19,2026-04-27,47486,1
Pika Skills,pika-skills,Agent Runtimes & Frameworks,Various,AI agent skills for the Pika Labs platform enabling automated video generation,,https://github.com/Pika-Labs/Pika-Skills,oss-library,true,true,free,,2026-04-01,2026-04-24,1147,9
Autonovel,autonovel,Agent Runtimes & Frameworks,Python,An autonomous novel writing pipeline powered by Hermes Agent for creative storytelling,,https://github.com/NousResearch/autonovel,oss-library,true,true,free,,2026-03-14,2026-03-20,1211,5
Agency Agents,agency-agents,Agent Runtimes & Frameworks,Python,A complete AI agency with specialized expert agents for diverse tasks,,https://github.com/msitarzewski/agency-agents,oss-library,true,true,free,,2025-10-13,2026-06-22,116633,1
Hyperbrowser App Examples,hyperbrowser-app-examples,Agent Runtimes & Frameworks,TypeScript,A collection of fully functional Hyperbrowser-powered web apps built with TypeScript,,https://github.com/hyperbrowserai/hyperbrowser-app-examples/tree/main/hyperdesign,oss-library,true,true,free,,2025-05-28,2026-06-23,1680,4
AgentField,agentfield,Agent Runtimes & Frameworks,SaaS,A platform for building and managing AI agents to automate tasks and workflows,https://agentfield.ai/,,saas,false,false,freemium,,,,0,2
CocoIndex,cocoindex,Agent Runtimes & Frameworks,Python,Incremental engine for long horizon AI agents enabling real-time data indexing,,https://github.com/cocoindex-io/cocoindex,oss-library,true,true,free,,2025-03-03,2026-06-27,10521,3
Awesome Hermes Agent,awesome-hermes-agent,Agent Runtimes & Frameworks,Markdown,"A curated list of skills, tools, integrations, and resources for Hermes Agent",,https://github.com/0xNyk/awesome-hermes-agent,oss-library,true,true,free,,2026-03-23,2026-06-23,4255,2
ACPX,acpx,Agent Runtimes & Frameworks,Go,Headless CLI client for managing stateful Agent Client Protocol (ACP) sessions,,https://github.com/openclaw/acpx,oss-library,true,true,free,,2026-02-17,2026-06-26,2906,1
Career Ops,career-ops,Agent Runtimes & Frameworks,TypeScript,"AI-powered job search system with 14 skill modes, Go dashboard, PDF generation",,https://github.com/santifer/career-ops,oss-library,true,true,free,,2026-04-04,2026-06-26,56220,2
Open Source Codex Symphony,open-source-codex-symphony,Agent Runtimes & Frameworks,Blog,Open-source orchestration framework for Codex-based AI workflows,https://openai.com/index/open-source-codex-orchestration-symphony/,,hybrid,false,false,freemium,,,,0,1
Paperasse,paperasse,Agent Runtimes & Frameworks,Markdown,"French AI agent skills specialized in bureaucratic tasks (accounting, notary)",,https://github.com/romainsimon/paperasse,oss-library,true,true,free,,2026-02-05,2026-05-13,2198,3
Statewright,statewright,Agent Runtimes & Frameworks,Various,State machine guardrails for AI agents.,,https://github.com/statewright/statewright,oss-library,true,true,free,,2026-05-03,2026-06-26,409,10
Route,route,Agent Runtimes & Frameworks,TypeScript,"Workspace-first multi-agent coordination platform with shared Specs, Kanban, MCP/ACP/A2A support",,https://github.com/phodal/routa,oss-library,true,true,free,,2026-02-16,2026-06-22,1721,3
Ruflo,ruflo,Agent Runtimes & Frameworks,TypeScript,"Agent orchestration platform for Claude — deploy multi-agent swarms, autonomous workflows, conversational AI",,https://github.com/ruvnet/ruflo,oss-library,true,true,free,,2025-06-02,2026-06-28,61809,1
InsForge,insforge,Agent Runtimes & Frameworks,Various,"Platform for building, deploying, and managing AI agents and their tools.",,https://github.com/InsForge/InsForge,oss-library,true,true,free,,2025-07-29,2026-06-28,11997,6
agent-gate,agent-gate,Agent Runtimes & Frameworks,Python,MCP server for fail-closed quality gates and hash-chained receipts for agents.,,https://github.com/chopratejas/agent-gate,oss-library,true,true,free,,,,0,7
goose,goose,Agent Runtimes & Frameworks,Rust,Native open source AI agent for code and workflows.,,https://github.com/block/goose,oss-library,true,true,free,,2024-08-23,2026-06-28,50322,1
forkd,forkd,Agent Runtimes & Frameworks,Rust,Fork() for AI agent microVMs; spawn 100 children in ~100ms from a warm parent.,https://yawo.github.io/architools/tooling/forkd.html,,hybrid,false,false,freemium,,,,0,4
google/skills,google-skills,Agent Runtimes & Frameworks,Python,"Agent Skills for Google products and technologies (GCP, Gemini API, etc.).",,https://github.com/google/skills,oss-library,true,true,free,,2026-03-31,2026-06-27,14187,2
OpenSandbox,opensandbox,Agent Runtimes & Frameworks,Various,Open-source cloud-native sandboxing platform for executing untrusted code.,,https://github.com/opensandbox-group/OpenSandbox,oss-library,true,true,free,,2025-12-17,2026-06-27,11699,7
shaojunda/skills,shaojunda-skills,Agent Runtimes & Frameworks,Various,A collection of AI agent skills and tools for enhanced productivity.,,https://github.com/shaojunda/skills,oss-library,true,true,free,,,,0,11
shizidushu/skills,shizidushu-skills,Agent Runtimes & Frameworks,Various,A library of specialized skills for AI agents and LLM-based workflows.,,https://github.com/shizidushu/skills,oss-library,true,true,free,,,,0,12
Omnigent,omnigent,Agent Runtimes & Frameworks,Python,Multi-agent orchestration framework for complex task solving.,,https://github.com/omnigent-ai/omnigent,oss-library,true,true,free,,2026-06-11,2026-06-28,5159,4
AgentScope,agentscope,Agent Runtimes & Frameworks,Python,"Developer-centric multi-agent framework designed for building, orchestrating, and deploying LLM-powered systems.",https://yawo.github.io/architools/tooling/agentscope.html,,hybrid,false,false,freemium,,,,0,8
adk-python,adk-python,Agent Runtimes & Frameworks,Python,"Code-first Python SDK for building, evaluating, and deploying AI agents with Google Cloud integration.",https://yawo.github.io/architools/tooling/adk-python.html,,hybrid,false,false,freemium,,,,0,9
Get Sh*t Done (GSD),get-sh-t-done-gsd,AI Coding Assistants & Harnesses,Various,Light-weight meta-prompting and spec-driven development system for Claude Code,,https://github.com/gsd-build/get-shit-done,oss-library,true,true,free,,2025-12-14,2026-05-31,64563,4
BMAD-METHOD,bmad-method,AI Coding Assistants & Harnesses,JavaScript,Breakthrough Method for Agile AI-Driven Development in JavaScript projects,,https://github.com/bmad-code-org/BMAD-METHOD,oss-library,true,true,free,,2025-04-13,2026-06-27,49780,1
Archon,archon,AI Coding Assistants & Harnesses,Python,The first open-source harness builder for AI coding to make AI coding deterministic,,https://github.com/coleam00/Archon,oss-library,true,true,free,,2025-02-07,2026-06-27,22607,2
book-to-skill,book-to-skill,AI Coding Assistants & Harnesses,Various,Converts technical books into structured Claude Code skills,,https://github.com/virgiliojr94/book-to-skill,oss-library,true,true,free,,2026-05-01,2026-06-28,6887,7
claude-hud,claude-hud,AI Coding Assistants & Harnesses,TypeScript,Real-time status display plugin for Claude Code tracking context and tools,,https://github.com/jarrodwatts/claude-hud,oss-library,true,true,free,,2026-01-02,2026-06-20,25853,1
codegraph,codegraph,AI Coding Assistants & Harnesses,Various,Semantic knowledge graph of codebases to reduce token usage and tool calls,,https://github.com/colbymchenry/codegraph,oss-library,true,true,free,,2026-01-18,2026-06-28,55459,5
codewiki.google,codewiki-google,AI Coding Assistants & Harnesses,SaaS,Automatically generates and maintains structured documentation and architecture diagrams,https://codewiki.google/,,saas,false,false,freemium,,,,0,1
junction,junction,AI Coding Assistants & Harnesses,TypeScript,"VS Code chat sidebar that unifies local AI coding agents (OpenClaw, Hermes, etc.).",,https://github.com/Plaer1/junction,oss-library,true,true,free,,2026-06-17,2026-06-25,648,4
Freebuff,freebuff,AI Coding Assistants & Harnesses,TypeScript,Free coding agent with specialized subagents and ChatGPT support,https://freebuff.com/,,hybrid,false,false,freemium,,,,0,5
Harness Engineering,harness-engineering,AI Coding Assistants & Harnesses,Blog,Blog post detailing harness engineering techniques for building reliable AI systems,https://openai.com/index/harness-engineering/,,hybrid,false,false,freemium,,,,0,1
html-anything,html-anything,AI Coding Assistants & Harnesses,Various,"Turns Markdown, CSV, or JSON into single-file HTML artifacts using agent sessions",,https://github.com/nexu-io/html-anything,oss-library,true,true,free,,2026-05-11,2026-06-16,7322,6
openui,openui,AI Coding Assistants & Harnesses,TypeScript,Full-stack Generative UI framework for streaming interactive components,,https://github.com/thesysdev/openui,oss-library,true,true,free,,2024-12-02,2026-06-28,7468,3
Understand-Anything,understand-anything,AI Coding Assistants & Harnesses,Various,Scans codebases to build interactive knowledge graphs and dashboards,,https://github.com/Lum1104/Understand-Anything,oss-library,true,true,free,,2026-03-15,2026-06-23,68754,3
zero,zero,AI Coding Assistants & Harnesses,Zero,Systems programming language designed for AI agents with JSON diagnostics,,https://github.com/vercel-labs/zero,oss-library,true,true,free,,2026-05-15,2026-06-28,5140,1
Spec Kit,spec-kit,AI Coding Assistants & Harnesses,Various,An open source toolkit that allows you to focus on product scenarios and predictable outcomes instead of vibe coding every piece from scratch.,,https://github.com/github/spec-kit,oss-library,true,true,free,,2025-08-21,2026-06-26,115969,1
Agent of Empires,agent-of-empires,AI Coding Assistants & Harnesses,Go,"Manage multiple Claude Code, OpenCode, and other AI coding agents via TUI or Web",,https://github.com/njbrake/agent-of-empires,oss-library,true,true,free,,2026-01-09,2026-06-28,2667,2
IBM Bob,ibm-bob,AI Coding Assistants & Harnesses,SaaS,"Enterprise AI coding agent with agentic modes, literate coding (human language), real-time code reviews, enterprise ecosystem integration",https://bob.ibm.com/,,saas,false,false,freemium,,,,0,2
Crush,crush,AI Coding Assistants & Harnesses,Go,Glamourous agentic coding for all. Terminal-based coding assistant with multi-model and LSP support.,,https://github.com/charmbracelet/crush,oss-library,true,true,free,,2025-05-21,2026-06-28,25807,1
Spec-Kit,spec-kit,AI Coding Assistants & Harnesses,Various,Toolkit to help you get started with Spec-Driven Development.,,https://github.com/github/spec-kit,oss-library,true,true,free,,2025-08-21,2026-06-26,115969,2
Claude Code Harness,claude-code-harness,AI Coding Assistants & Harnesses,Shell,Dedicated development harness with autonomous Plan→Work→Review cycle for high-quality output,,https://github.com/Chachamaru127/claude-code-harness,oss-library,true,true,free,,2025-12-12,2026-06-24,2885,1
code-review-skill,code-review-skill,AI Coding Assistants & Harnesses,HTML,"Comprehensive code review skill for Claude Code covering React 19, Vue 3, Rust, TypeScript, and more",,https://github.com/awesome-skills/code-review-skill,oss-library,true,true,free,,2025-11-29,2026-06-25,1187,1
AWS Well-Architected Skills,aws-well-architected-skills,AI Coding Assistants & Harnesses,Python,Reusable skills teaching AI coding agents to apply the AWS Well-Architected Framework,,https://github.com/aws-samples/sample-well-architected-skills-and-steering,oss-library,true,true,free,,2026-05-21,2026-06-26,198,3
oh-my-pi,oh-my-pi,AI Coding Assistants & Harnesses,TypeScript,"AI coding agent for the terminal with hash-anchored edits, LSP, subagents, and browser",,https://github.com/can1357/oh-my-pi,oss-library,true,true,free,,2025-12-31,2026-06-28,14920,2
OpenHuman,openhuman,AI Coding Assistants & Harnesses,Rust,"Personal AI superintelligence — private, simple, and extremely powerful",,https://github.com/tinyhumansai/openhuman,oss-library,true,true,free,,2026-02-18,2026-06-26,33434,1
aider,aider,AI Coding Assistants & Harnesses,Python,AI pair programming in your terminal; connects to LLMs to edit code in your local git repo.,,https://github.com/paul-gauthier/aider,oss-library,true,true,free,,2023-05-09,2026-05-22,46778,1
agents-cli,agents-cli,AI Coding Assistants & Harnesses,Python,Command-line tool and skills package to streamline the Agent Development Lifecycle (ADLC) on Google Cloud.,https://yawo.github.io/architools/tooling/agents-cli.html,,hybrid,false,false,freemium,,,,0,4
Foreman,foreman,AI Coding Assistants & Harnesses,Python,Boris-style agentic orchestrator TUI that supervises headless Claude Code agents through a gated delivery pipeline.,https://yawo.github.io/architools/tooling/foreman.html,,hybrid,false,false,freemium,,,,0,5
osiris,osiris,Data & OSINT,Various,Real-time OSINT dashboard and intelligence platform with flight tracking and CCTV,,https://github.com/simplifaisoul/osiris,oss-library,true,true,free,,2026-05-12,2026-06-27,6229,1
FlowSint,flowsint,Data & OSINT,TypeScript,"Visual, flexible graph-based investigation platform for cybersecurity analysts and investigators",,https://github.com/reconurge/flowsint,oss-library,true,true,free,,2025-01-31,2026-06-24,7049,1
Architecture Diagram Generator,architecture-diagram-generator,Diagramming & Architecture,TypeScript,Generate beautiful dark-themed system architecture diagrams as standalone HTML/SVG,,https://github.com/Cocoon-AI/architecture-diagram-generator,oss-library,true,true,free,,2025-12-22,2026-05-13,6200,1
D2,d2,Diagramming & Architecture,Go,A modern diagram scripting language that turns text into diagrams,,https://github.com/terrastruct/d2,oss-library,true,true,free,,2022-09-05,2026-04-24,24536,1
D2 MCP,d2-mcp,Diagramming & Architecture,TypeScript,An MCP server enabling D2 diagram generation and manipulation via Model Context Protocol,,https://github.com/i2y/d2mcp,oss-library,true,true,free,,2025-06-22,2025-07-02,28,3
Draw.io,draw-io,Diagramming & Architecture,JavaScript,"JavaScript, client-side editor for general diagramming",,https://github.com/jgraph/drawio,oss-library,true,true,free,,2016-09-06,2026-06-26,6418,1
Draw.io MCP,draw-io-mcp,Diagramming & Architecture,JavaScript,MCP integration server for the draw.io diagramming tool,,https://github.com/jgraph/drawio-mcp,oss-library,true,true,free,,2026-02-02,2026-06-26,4621,2
Arc Kit,arc-kit,Diagramming & Architecture,Various,Toolkit for Enterprise Architecture Governance and Vendor Procurement processes,,https://github.com/tractorjuice/arc-kit,oss-library,true,true,free,,2025-10-14,2026-06-26,2030,1
Structurizr,structurizr,Diagramming & Architecture,Java,Models-as-code tool for creating software architecture diagrams using the C4 model,,https://github.com/structurizr/structurizr,oss-library,true,true,free,,2025-11-30,2026-06-05,267,1
Structurizr MCP,structurizr-mcp,Diagramming & Architecture,Java,Java-based models-as-code tool for creating C4 software architecture diagrams,,https://github.com/structurizr/structurizr/tree/master/structitizr-mcp,oss-library,true,true,free,,2025-11-30,2026-06-05,267,2
LikeC4,likec4,Diagramming & Architecture,TypeScript,"Visualize, collaborate, and evolve software architecture with live diagrams from code",,https://github.com/likec4/likec4,oss-library,true,true,free,,2023-03-24,2026-06-26,3721,2
drawio-skill,drawio-skill,Diagramming & Architecture,JavaScript,Reusable draw.io skills for AI agents enabling automated diagramming.,,https://github.com/chopratejas/drawio-skill,oss-library,true,true,free,,,,0,3
Milvus,milvus,Databases & Vector Stores,Go,"High-performance, cloud-native vector database for scalable ANN search",https://yawo.github.io/architools/tooling/milvus.html,,hybrid,false,false,freemium,,,,0,1
ZVec,zvec,Databases & Vector Stores,Rust,"A lightweight, lightning-fast, in-process vector database for semantic search",,https://github.com/alibaba/zvec,oss-library,true,true,free,,2025-12-05,2026-06-26,12556,2
HelixDB,helixdb,Databases & Vector Stores,Rust,An open-source graph-vector database built from scratch in Rust,,https://github.com/HelixDB/helix-db,oss-library,true,true,free,,2024-11-23,2026-06-25,5517,4
TurboVec,turbovec,Databases & Vector Stores,Rust,"A vector index built on TurboQuant, written in Rust with Python bindings.",,https://github.com/RyanCodrai/turbovec,oss-library,true,true,free,,2026-03-26,2026-06-10,12289,3
meilisearch,meilisearch,Databases & Vector Stores,Rust,"Lightning-fast, ultra-relevant, and typo-tolerant open-source search engine.",,https://github.com/meilisearch/meilisearch,oss-library,true,true,free,,2018-04-23,2026-06-26,58321,1
baml,baml,Developer Tools & CLI,BAML,Domain-specific language for LLM functions with type safety and structured output,,https://github.com/BoundaryML/baml,oss-library,true,true,free,,2023-10-06,2026-06-28,8438,1
ccusage,ccusage,Developer Tools & CLI,TypeScript,Fast local CLI tool for tracking token usage and costs across AI coding agents,https://ccusage.com/,,hybrid,false,false,freemium,,,,0,1
Claudoscope,claudoscope,Developer Tools & CLI,Swift,Native macOS session viewer and cost analytics for Claude Code,https://claudoscope.com,,hybrid,false,false,freemium,,,,0,2
cmux,cmux,Developer Tools & CLI,Swift,Native macOS terminal optimized for managing multiple AI coding agent workspaces,,https://github.com/manaflow-ai/cmux,oss-library,true,true,free,,2026-01-28,2026-06-28,23056,1
honker.dev,honker-dev,Developer Tools & CLI,C,SQLite extension adding Postgres-style NOTIFY/LISTEN for event streams,https://honker.dev/,,hybrid,false,false,freemium,,,,0,1
jamshid,jamshid,Developer Tools & CLI,Go,CLI tool for managing multiple Claude Code configuration profiles,,https://github.com/PapaDanielVi/jamshid,oss-library,true,true,free,,2026-05-19,2026-06-21,5,6
SafePrompt,safeprompt,Developer Tools & CLI,Various,Security-focused tool to mitigate prompt injection and ensure prompt hygiene,,https://github.com/MarijaStavric24/SafePrompt,oss-library,true,true,free,,2026-05-18,2026-06-13,14,1
SmolVM,smolvm,Developer Tools & CLI,Rust,"Tool to build and run portable, lightweight, self-contained VMs in Rust",,https://github.com/smol-machines/smolvm,oss-library,true,true,free,,2025-12-18,2026-06-28,3976,4
AWS Quick,aws-quick,Developer Tools & CLI,SaaS,Quick-start portal for launching and managing AWS resources,https://aws.amazon.com/quick/,,saas,false,false,freemium,,,,0,1
Atch,atch,Developer Tools & CLI,Rust,Lets you attach and detach terminal sessions for better session management,,https://github.com/mobydeck/atch,oss-library,true,true,free,,2026-03-01,2026-03-20,307,7
Television,television,Developer Tools & CLI,Rust,"A very fast, portable, and hackable fuzzy finder for the terminal",,https://github.com/alexpasmantier/television,oss-library,true,true,free,,2024-09-15,2026-06-23,6039,3
CLI Printing Press,cli-printing-press,Developer Tools & CLI,Go,"GOAT CLI tool for AI agents with SQLite sync, offline search, and compound insight",,https://github.com/mvanhorn/cli-printing-press,oss-library,true,true,free,,2026-03-23,2026-06-27,3746,3
RTK,rtk,Developer Tools & CLI,Rust,CLI proxy that cuts LLM token use by 60-90% on dev commands with a single Rust binary,,https://github.com/rtk-ai/rtk,oss-library,true,true,free,,2026-01-22,2026-06-26,66631,1
lean-ctx,lean-ctx,Developer Tools & CLI,Rust,Context runtime for AI agents that reduces token waste by 60-95% via shell hook + MCP server,,https://github.com/yvgude/lean-ctx,oss-library,true,true,free,,2026-03-23,2026-06-27,2983,5
rmux,rmux,Developer Tools & CLI,Rust,Universal Rust multiplexer with typed SDK for driving any CLI or TUI app from code,,https://github.com/helvesec/rmux,oss-library,true,true,free,,2026-05-15,2026-06-26,2236,6
iii,iii,Developer Tools & CLI,Rust,"Compose, extend, and observe every service in real-time",,https://github.com/iii-hq/iii,oss-library,true,true,free,,2025-01-02,2026-06-27,18377,2
Infracost,infracost,Developer Tools & CLI,Go,"Cloud cost intelligence for engineers, AI coding agents, and CI/CD — shift FinOps left",,https://github.com/infracost/infracost,oss-library,true,true,free,,2020-06-24,2026-06-26,12383,1
Microsoft FinOps Toolkit,microsoft-finops-toolkit,Developer Tools & CLI,PowerShell,Tools and resources to adopt and implement FinOps capabilities across the Microsoft Cloud,,https://github.com/microsoft/finops-toolkit,oss-library,true,true,free,,2023-01-12,2026-06-25,575,1
MarkItDown,markitdown,Developer Tools & CLI,Python,Python tool for converting files and office documents to Markdown,,https://github.com/microsoft/markitdown,oss-library,true,true,free,,2024-11-13,2026-06-24,160198,1
gogcli,gogcli,Developer Tools & CLI,Go,"Google Workspace in your terminal — CLI for Gmail, Calendar, Drive, and more",,https://github.com/openclaw/gogcli,oss-library,true,true,free,,2025-12-12,2026-06-26,8040,2
wacli,wacli,Developer Tools & CLI,Go,"WhatsApp CLI: sync, search, send messages from the terminal",,https://github.com/openclaw/wacli,oss-library,true,true,free,,2025-12-12,2026-06-22,2566,4
SlaCrawl,slacrawl,Developer Tools & CLI,Go,CLI terminal app for Slack with SQLite backend,,https://github.com/steipete/slacrawl,oss-library,true,true,free,,2026-04-27,2026-05-22,12,5
github.gg,github-gg,Developer Tools & CLI,SaaS,GitHub tooling and developer utilities platform,https://www.github.gg/,,saas,false,false,freemium,,,,0,2
ponytail,ponytail,Developer Tools & CLI,JavaScript,"""The lazy senior dev"" agent ruleset; designed to write 80-94% less code.",,https://github.com/chopratejas/ponytail,oss-library,true,true,free,,,,0,1
opik,opik,Developer Tools & CLI,Python,"Debug, evaluate, and monitor LLM applications, RAG systems, and agentic workflows.",https://yawo.github.io/architools/tooling/opik.html,,hybrid,false,false,freemium,,,,0,2
ccglass,ccglass,Developer Tools & CLI,Node,"Local observability tool for AI agents (Claude Code, Codex, Kimi) to inspect prompts and tool calls.",https://yawo.github.io/architools/tooling/ccglass.html,,hybrid,false,false,freemium,,,,0,1
mattpocock/skills,mattpocock-skills,Developer Tools & CLI,Shell,Engineering-first agent skills designed for real software development workflows.,,https://github.com/mattpocock/skills,oss-library,true,true,free,,2026-02-03,2026-06-25,148590,1
ast-grep,ast-grep,Developer Tools & CLI,Rust,"CLI tool for structural search, lint, and rewrite based on AST.",https://yawo.github.io/architools/tooling/ast-grep.html,,hybrid,false,false,freemium,,,,0,8
ntfy.sh,ntfy-sh,Developer Tools & CLI,Go,Send push notifications to your phone or desktop via PUT/POST.,https://ntfy.sh/,,hybrid,false,false,freemium,,,,0,7
langfuse,langfuse,Developer Tools & CLI,TypeScript/Python,"Open-source LLM engineering platform for observability, evaluation, and prompt management.",,https://github.com/langfuse/langfuse,oss-library,true,true,free,,2023-05-18,2026-06-27,29909,1
testcontainers,testcontainers,Developer Tools & CLI,Java,Library for providing throwaway docker containers for integration testing.,https://testcontainers.com/,,hybrid,false,false,freemium,,,,0,1
k3d,k3d,Developer Tools & CLI,Go,Lightweight CLI wrapper to run k3s (minimal Kubernetes distribution) inside Docker containers.,https://k3d.io/,,hybrid,false,false,freemium,,,,0,8
Anthropic Financial Services,anthropic-financial-services,Finance & Trading,Python,Anthropic financial services reference implementation using Claude,,https://github.com/anthropics/financial-services,oss-library,true,true,free,,2026-02-23,2026-06-26,32676,2
Microsoft QLib,microsoft-qlib,Finance & Trading,Python,"AI-driven quant investment platform for research, modeling, and automated R&D",,https://github.com/microsoft/qlib,oss-library,true,true,free,,2020-08-14,2026-04-22,45269,1
AI4Trade,ai4trade,Finance & Trading,SaaS,AI-powered platform offering advanced tools for trading and market analysis,https://ai4trade.ai/,,saas,false,false,freemium,,,,0,1
Corgi Insure,corgi-insure,Finance & Trading,SaaS,Insurance products and services platform,https://www.corgi.insure/,,saas,false,false,freemium,,,,0,2
Awesome Legal Skills,awesome-legal-skills,Legal & Compliance,Python,Curated list of portable Agent Skills for automating legal workflows,,https://github.com/lawve-ai/awesome-legal-skills,oss-library,true,true,free,,2025-12-18,2026-06-22,527,2
Claude for Legal,claude-for-legal,Legal & Compliance,Python,"Reference agents, skills, and data connectors for legal practice areas",,https://github.com/anthropics/claude-for-legal,oss-library,true,true,free,,2026-04-21,2026-06-21,8528,1
Mike,mike,Legal & Compliance,TypeScript,Open-source AI legal platform and document assistant,,https://github.com/willchen96/mike,oss-library,true,true,free,,2026-04-29,2026-06-26,3823,1
MikeRust,mikerust,Legal & Compliance,Rust,Sovereign local AI document assistant (local-first MikeOSS port),https://yawo.github.io/architools/tooling/mikerust.html,,hybrid,false,false,freemium,,,,0,1
mikelocal,mikelocal,Legal & Compliance,TypeScript,Desktop edition of the Mike AI legal platform for offline use,,https://github.com/rafal-fryc/mikelocal,oss-library,true,true,free,,2026-05-01,2026-05-11,32,2
Prompt API,prompt-api,LLM APIs & Routing,Spec,Proposal for a web API enabling prompting of browser-provided language models,,https://github.com/webmachinelearning/prompt-api,oss-library,true,true,free,,2024-07-01,2026-06-22,756,1
Manifest,manifest,LLM APIs & Routing,TypeScript,Smart model routing for AI agents to cut costs up to 70%,,https://github.com/mnfst/manifest,oss-library,true,true,free,,2022-09-27,2026-06-26,7147,2
FreeLLMAPI,freellmapi,LLM APIs & Routing,Python,OpenAI-compatible proxy aggregating free-tier AI keys from ~14 providers,,https://github.com/tashfeenahmed/freellmapi,oss-library,true,true,free,,2026-04-21,2026-06-28,13580,2
Awesome Free LLM APIs,awesome-free-llm-apis,LLM APIs & Routing,Markdown,Curated list of permanent free LLM APIs with available API keys,,https://github.com/mnfst/awesome-free-llm-apis,oss-library,true,true,free,,2026-03-21,2026-06-16,5370,2
Free LLM API Resources,free-llm-api-resources,LLM APIs & Routing,Markdown,Curated list of free LLM inference APIs for easy access,,https://github.com/cheahjs/free-llm-api-resources,oss-library,true,true,free,,2024-07-04,2026-06-26,24323,1
9Router,9router,LLM APIs & Routing,Python,"Unlimited free AI coding with multi-provider LLM routing, auto-fallback, and token saving",,https://github.com/decolua/9router,oss-library,true,true,free,,2026-01-05,2026-06-26,18638,1
No-Cost-AI,no-cost-ai,LLM APIs & Routing,Markdown,"Curated directory of 80+ free AI services for chat, image, video, voice, and APIs",,https://github.com/zebbern/no-cost-ai,oss-library,true,true,free,,2025-07-15,2026-06-19,1805,3
token-optimizer,token-optimizer,LLM APIs & Routing,Python,Finds and fixes ghost tokens to survive compaction and avoid context quality decay,,https://github.com/alexgreensh/token-optimizer,oss-library,true,true,free,,2026-02-26,2026-06-27,1466,6
OptiLLM,optillm,LLM APIs & Routing,Python,Optimizing inference proxy for LLMs,,https://github.com/algorithmicsuperintelligence/optillm,oss-library,true,true,free,,2024-08-22,2026-05-07,4166,5
SkillOpt,skillopt,LLM APIs & Routing,Python,Text-space optimizer that trains reusable natural-language skills for frozen LLM agents,,https://github.com/microsoft/SkillOpt,oss-library,true,true,free,,2026-05-08,2026-06-26,9549,3
context-mode,context-mode,LLM APIs & Routing,TypeScript,Context window optimization for AI coding agents — sandboxes tool output with 98% reduction,,https://github.com/mksglu/context-mode,oss-library,true,true,free,,2026-02-23,2026-06-28,18273,1
LLMLingua,llmlingua,LLM APIs & Routing,Python,Prompt compression library that reduces LLM token usage by up to 20x with minimal performance loss,,https://github.com/microsoft/LLMLingua,oss-library,true,true,free,,2023-07-07,2026-04-08,6364,4
GOModel,gomodel,LLM APIs & Routing,Go,AI gateway written in Go. Lightweight unified OpenAI-compatible API for multiple providers.,,https://github.com/ENTERPILOT/GOModel,oss-library,true,true,free,,2025-12-05,2026-06-27,971,1
EventMesh,eventmesh,Infrastructure & Eventing,Java,A dynamic event mesh that supports connecting multiple event stores.,https://yawo.github.io/architools/tooling/eventmesh.html,,hybrid,false,false,freemium,,,,0,2
RocketMQ,rocketmq,Infrastructure & Eventing,Java,"Distributed messaging and streaming platform for low-latency, high-reliability.",,https://github.com/apache/rocketmq,oss-library,true,true,free,,2016-11-30,2026-06-25,22478,1
mcp-manager,mcp-manager,Model Context Protocol (MCP),Various,Desktop application to manage and monitor local MCP servers.,,https://github.com/shafiq-al-shaar/mcp-manager,oss-library,true,true,free,,,,0,1
mcp-router,mcp-router,Model Context Protocol (MCP),Python,Intelligent router for distributing requests across multiple MCP servers.,,https://github.com/shikun-ni/mcp-router,oss-library,true,true,free,,,,0,1
mcp-shell,mcp-shell,Model Context Protocol (MCP),Rust,MCP server enabling AI agents to execute shell commands in a restricted environment.,,https://github.com/shroom-dev/mcp-shell,oss-library,true,true,free,,,,0,1
mcp-server-docker,mcp-server-docker,Model Context Protocol (MCP),Python,Control and monitor Docker containers via MCP.,,https://github.com/silas/mcp-server-docker,oss-library,true,true,free,,,,0,2
mcp-server-github-actions,mcp-server-github-actions,Model Context Protocol (MCP),TypeScript,Trigger and monitor GitHub Action workflows from any MCP client.,,https://github.com/sir-william-t/mcp-server-github-actions,oss-library,true,true,free,,,,0,11
mcp-server-postgres,mcp-server-postgres,Model Context Protocol (MCP),Python,Query and manage PostgreSQL databases through natural language.,,https://github.com/smol-ai/mcp-server-postgres,oss-library,true,true,free,,,,0,3
mcp-server-sentry,mcp-server-sentry,Model Context Protocol (MCP),TypeScript,Inspect and manage Sentry issues directly from AI agent sessions.,,https://github.com/snoop-dev/mcp-server-sentry,oss-library,true,true,free,,,,0,12
mcp-server-slack,mcp-server-slack,Model Context Protocol (MCP),TypeScript,"Read, write, and manage Slack messages and channels via MCP.",,https://github.com/snoop-dev/mcp-server-slack,oss-library,true,true,free,,,,0,13
mcp-server-linear,mcp-server-linear,Model Context Protocol (MCP),TypeScript,"Manage Linear issues, projects, and cycles from your AI assistant.",,https://github.com/soupy-dev/mcp-server-linear,oss-library,true,true,free,,,,0,14
mcp-server-redis,mcp-server-redis,Model Context Protocol (MCP),TypeScript,Real-time Redis data inspection and management via MCP.,,https://github.com/spaces-ai/mcp-server-redis,oss-library,true,true,free,,,,0,15
mcp-server-xstate,mcp-server-xstate,Model Context Protocol (MCP),TypeScript,Visualize and manage XState machines through natural language commands.,,https://github.com/statelyai/mcp-server-xstate,oss-library,true,true,free,,,,0,16
mcp-server-jira,mcp-server-jira,Model Context Protocol (MCP),TypeScript,Interface with Atlassian Jira projects and issues via MCP.,,https://github.com/steve-clark/mcp-server-jira,oss-library,true,true,free,,,,0,17
mcp-server-vercel,mcp-server-vercel,Model Context Protocol (MCP),TypeScript,Monitor and manage Vercel deployments and environment variables.,,https://github.com/steven-tey/mcp-server-vercel,oss-library,true,true,free,,,,0,18
mcp-server-sqlite,mcp-server-sqlite,Model Context Protocol (MCP),TypeScript,Lightweight SQLite database management for AI agents.,,https://github.com/steverichey/mcp-server-sqlite,oss-library,true,true,free,,,,0,19
mcp-server-bing-search,mcp-server-bing-search,Model Context Protocol (MCP),Python,Bing Web Search integration for MCP-capable clients.,,https://github.com/shiseng/mcp-server-bing-search,oss-library,true,true,free,,,,0,4
mcp-server-exa-search,mcp-server-exa-search,Model Context Protocol (MCP),Python,Exa (formerly Metaphor) search integration for structured web discovery.,,https://github.com/shiseng/mcp-server-exa-search,oss-library,true,true,free,,,,0,5
mcp-server-tavily-search,mcp-server-tavily-search,Model Context Protocol (MCP),Python,Tavily search integration for AI-optimized web research.,,https://github.com/shiseng/mcp-server-tavily-search,oss-library,true,true,free,,,,0,6
mcp-server-weather,mcp-server-weather,Model Context Protocol (MCP),TypeScript,Real-time weather data retrieval via MCP.,,https://github.com/steverichey/mcp-server-weather,oss-library,true,true,free,,,,0,20
@modelcontextprotocol/server-filesystem,modelcontextprotocol-server-filesystem,Model Context Protocol (MCP),TypeScript,"Secure, scoped access to the local file system.",,https://github.com/modelcontextprotocol/servers/tree/main/src/filesystem,oss-library,true,true,free,,2024-11-19,2026-06-17,87775,1
mcp-server-git,mcp-server-git,Model Context Protocol (MCP),TypeScript,Tools to interact with local Git repositories.,,https://github.com/modelcontextprotocol/servers/tree/main/src/git,oss-library,true,true,free,,2024-11-19,2026-06-17,87775,2
@modelcontextprotocol/server-fetch,modelcontextprotocol-server-fetch,Model Context Protocol (MCP),TypeScript,Fetch web content and convert to Markdown for LLMs.,,https://github.com/modelcontextprotocol/servers/tree/main/src/fetch,oss-library,true,true,free,,2024-11-19,2026-06-17,87775,3
@modelcontextprotocol/server-memory,modelcontextprotocol-server-memory,Model Context Protocol (MCP),TypeScript,Knowledge graph-based persistent memory system.,,https://github.com/modelcontextprotocol/servers/tree/main/src/memory,oss-library,true,true,free,,2024-11-19,2026-06-17,87775,4
@modelcontextprotocol/server-sequential-thinking,modelcontextprotocol-server-sequential-thinking,Model Context Protocol (MCP),TypeScript,Facilitates complex problem-solving via structured steps.,,https://github.com/modelcontextprotocol/servers/tree/main/src/sequential-thinking,oss-library,true,true,free,,2024-11-19,2026-06-17,87775,5
@modelcontextprotocol/server-time,modelcontextprotocol-server-time,Model Context Protocol (MCP),TypeScript,Time and timezone conversion capabilities.,,https://github.com/modelcontextprotocol/servers/tree/main/src/time,oss-library,true,true,free,,2024-11-19,2026-06-17,87775,6
@stripe/mcp,stripe-mcp,Model Context Protocol (MCP),TypeScript,Official Stripe MCP server for payments and customer management.,,https://github.com/stripe/agent-toolkit,oss-library,true,true,free,,2024-11-11,2026-06-26,1638,7
zereight/mcp-gitlab,zereight-mcp-gitlab,Model Context Protocol (MCP),TypeScript,Feature-rich community GitLab MCP server (80+ tools).,,https://github.com/zereight/mcp-gitlab,oss-library,true,true,free,,,,0,21
ha-mcp,ha-mcp,Model Context Protocol (MCP),Python,Control Home Assistant devices and query states via natural language.,https://yawo.github.io/architools/tooling/ha-mcp.html,,hybrid,false,false,freemium,,,,0,7
mcp-server-trello,mcp-server-trello,Model Context Protocol (MCP),TypeScript,"Manage Trello boards, cards, and lists via MCP.",,https://github.com/delorenj/mcp-server-trello,oss-library,true,true,free,,2025-01-03,2026-06-05,407,8
clickup-mcp,clickup-mcp,Model Context Protocol (MCP),TypeScript,Token-optimized MCP server for deep ClickUp integration.,,https://github.com/cvrt-jh/clickup-mcp,oss-library,true,true,free,,2026-02-02,2026-02-03,3,10
zendesk-mcp-server,zendesk-mcp-server,Model Context Protocol (MCP),Node,Comprehensive ticket and user management for Zendesk.,,https://github.com/mattcoatsworth/zendesk-mcp-server,oss-library,true,true,free,,2025-04-04,2025-04-04,26,1
local-browser-mcp,local-browser-mcp,Model Context Protocol (MCP),TypeScript,MCP server + Chrome extension to automate your browser using your real fingerprint.,,https://github.com/NolanLT/local-browser-mcp,oss-library,true,true,free,,2026-06-17,2026-06-19,5,9
codebase-memory-mcp,codebase-memory-mcp,Model Context Protocol (MCP),C,High-performance codebase knowledge graph for AI agents with sub-ms queries.,,https://github.com/DeusData/codebase-memory-mcp,oss-library,true,true,free,,2026-02-24,2026-06-28,18176,1
LEANN,leann,Memory & Context Management,Various,Ultra-lightweight semantic search backend with massive storage savings,,https://github.com/yichuan-w/LEANN,oss-library,true,true,free,,2025-06-09,2026-06-26,12602,2
OpenViking,openviking,Memory & Context Management,Python,Context database for AI Agents with filesystem management paradigm,,https://github.com/volcengine/OpenViking,oss-library,true,true,free,,2026-01-05,2026-06-27,26119,1
Claude Mem,claude-mem,Memory & Context Management,TypeScript,"Claude Code plugin that captures, compresses, and injects coding session context",,https://github.com/thedotmack/claude-mem,oss-library,true,true,free,,2025-08-31,2026-06-28,84775,1
WUPHF,wuphf,Memory & Context Management,Python,Collaborative AI office that builds and maintains a shared knowledge base,,https://github.com/nex-crm/wuphf,oss-library,true,true,free,,2026-03-25,2026-06-27,1204,2
GBrain,gbrain,Memory & Context Management,Various,Garry's Opinionated OpenClaw/Hermes Agent Brain. Personal knowledge management and retrieval for AI agents.,,https://github.com/garrytan/gbrain,oss-library,true,true,free,,2026-04-05,2026-06-25,24344,1
Engram,engram,Memory & Context Management,Go,"Persistent memory system for AI coding agents — agent-agnostic with SQLite, MCP server, HTTP API, CLI, and TUI",,https://github.com/Gentleman-Programming/engram,oss-library,true,true,free,,2026-02-16,2026-06-20,4700,1
AgentMemory,agentmemory,Memory & Context Management,TypeScript,Persistent memory for AI coding agents backed by real-world benchmarks,,https://github.com/rohitg00/agentmemory,oss-library,true,true,free,,2026-02-25,2026-06-27,24171,3
SuperMemory,supermemory,Memory & Context Management,TypeScript,"Memory API and app that is fast, scalable — the memory engine for the AI era",,https://github.com/supermemoryai/supermemory,oss-library,true,true,free,,2024-02-27,2026-06-28,27788,2
headroom,headroom,Memory & Context Management,Python/Rust,Context compression layer for AI agents; reduces tokens by 60-95% before reaching the LLM.,https://yawo.github.io/architools/tooling/headroom.html,,hybrid,false,false,freemium,,,,0,1
OneBrain,onebrain,Memory & Context Management,Various,Local second brain system for personal knowledge management.,,https://github.com/fxa3bah/OneBrain,oss-library,true,true,free,,2026-06-13,2026-06-13,28,3
fastcontext,fastcontext,Memory & Context Management,C++/Python,Library for fast context management in LLMs with minimal latency.,https://yawo.github.io/architools/tooling/fastcontext.html,,hybrid,false,false,freemium,,,,0,1
OpenWA,openwa,Productivity & Workflow,TypeScript,Self-hosted WhatsApp API Gateway for integrating messaging into apps,,https://github.com/rmyndharis/OpenWA,oss-library,true,true,free,,2026-02-02,2026-06-28,10227,1
N8N Skills,n8n-skills,Productivity & Workflow,Various,N8n skillset for Claude Code to build flawless n8n workflows,,https://github.com/czlonkowski/n8n-skills,oss-library,true,true,free,,2025-10-20,2026-06-18,5611,3
Kepano Obsidian,kepano-obsidian,Productivity & Workflow,Markdown,Personal Obsidian vault template for bottom-up note-taking,,https://github.com/kepano/kepano-obsidian,oss-library,true,true,free,,2023-09-12,2026-01-09,3524,3
GStack,gstack,Productivity & Workflow,Various,"Use Garry Tan's exact Claude Code setup: 23 opinionated tools as CEO, Designer, Eng Manager",,https://github.com/garrytan/gstack,oss-library,true,true,free,,2026-03-11,2026-06-25,117427,1
Obsidian Skills,obsidian-skills,Productivity & Workflow,Markdown,"Agent skills for Obsidian. Teach your agent to use Markdown, Bases, JSON Canvas, and the CLI.",,https://github.com/kepano/obsidian-skills,oss-library,true,true,free,,2026-01-02,2026-06-08,38598,1
strategy-skills-for-claude,strategy-skills-for-claude,Productivity & Workflow,Markdown,21 McKinsey-style strategy skills for Claude to handle business and strategic reasoning.,,https://github.com/chopratejas/strategy-skills-for-claude,oss-library,true,true,free,,,,0,4
humanizer,humanizer,Productivity & Workflow,Markdown,Claude Code skill that removes linguistic tells and signs of AI-generated writing.,,https://github.com/chopratejas/humanizer,oss-library,true,true,free,,,,0,5
odysseus,odysseus,Productivity & Workflow,Python/JS,"Self-hosted AI workspace for chat, agents, research, documents, email, and local model workflows.",,https://github.com/pewdiepie-archdaemon/odysseus,oss-library,true,true,free,,2026-05-31,2026-06-28,78703,1
last30days-skill,last30days-skill,Productivity & Workflow,Various,Skill for AI agents to retrieve the last 30 days of activity from various sources.,,https://github.com/mvanhorn/last30days-skill,oss-library,true,true,free,,2026-01-23,2026-06-27,47238,2
pm-skills,pm-skills,Productivity & Workflow,Markdown,A collection of 25+ product management skills for AI agents.,,https://github.com/phuryn/pm-skills,oss-library,true,true,free,,2026-03-01,2026-06-22,21410,2
removepaywalls.com,removepaywalls-com,Productivity & Workflow,Web,Tool to read articles without paywalls for research and context gathering.,https://removepaywalls.com/,,hybrid,false,false,freemium,,,,0,1
murmure.app,murmure-app,Productivity & Workflow,Web,Minimalist writing tool designed for focus and flow.,https://www.murmure.app/,,hybrid,false,false,freemium,,,,0,2
zennotes.org,zennotes-org,Productivity & Workflow,Web,"Simple, private note-taking application for personal knowledge management.",https://zennotes.org,,hybrid,false,false,freemium,,,,0,3
RAGFlow,ragflow,RAG & Knowledge Graphs,Python,Open-source RAG engine combining document understanding with Agent capabilities,https://yawo.github.io/architools/tooling/ragflow.html,,hybrid,false,false,freemium,,,,0,7
onyx-dot-app,onyx-dot-app,RAG & Knowledge Graphs,TypeScript,Open-source enterprise AI platform for secure internal doc search and chat,,https://github.com/onyx-dot-app/onyx,oss-library,true,true,free,,2023-04-27,2026-06-28,30580,1
LightRAG,lightrag,RAG & Knowledge Graphs,Python,[EMNLP2025] Simple and Fast Retrieval-Augmented Generation in Python,,https://github.com/hkuds/lightrag,oss-library,true,true,free,,2024-10-02,2026-06-26,37097,2
LAT.md,lat-md,RAG & Knowledge Graphs,Markdown,"Agent Lattice: a knowledge graph for your codebase, written in markdown",,https://github.com/1st1/lat.md,oss-library,true,true,free,,2026-03-09,2026-04-02,1688,1
PageIndex,pageindex,RAG & Knowledge Graphs,Python,"Document Index for Vectorless, Reasoning-based Retrieval-Augmented Generation",,https://github.com/VectifyAI/PageIndex,oss-library,true,true,free,,2025-04-01,2026-06-28,33477,3
LLM Wiki v2,llm-wiki-v2,RAG & Knowledge Graphs,Markdown,"Extends Karpathy's LLM Wiki pattern with memory lifecycle, confidence scoring, hybrid search, multi-agent sync",,https://gist.github.com/rohitg00/2067ab416f7bbe447c1977edaaa681e2,oss-library,true,true,free,,,,0,2
Graphiti,graphiti,RAG & Knowledge Graphs,Python,"Build temporal context graphs for AI agents that track how facts change over time, maintain provenance, and support hybrid retrieval",,https://github.com/getzep/graphiti,oss-library,true,true,free,,2024-08-08,2026-06-27,28067,4
Docling,docling,RAG & Knowledge Graphs,Python,"Get your documents ready for gen AI — parse, extract, and structure PDFs, Office docs, and more",,https://github.com/docling-project/docling,oss-library,true,true,free,,2024-07-09,2026-06-27,62277,1
OpenRAG,openrag,RAG & Knowledge Graphs,Python,"Comprehensive RAG platform built on Langflow, Docling, and Opensearch in a single package",,https://github.com/langflow-ai/openrag,oss-library,true,true,free,,2025-07-11,2026-06-28,4264,6
marker,marker,RAG & Knowledge Graphs,Python,Fast PDF to Markdown/JSON conversion with high accuracy and table extraction.,https://yawo.github.io/architools/tooling/marker.html,,hybrid,false,false,freemium,,,,0,8
pdf-inspector,pdf-inspector,RAG & Knowledge Graphs,Rust,Fast Rust library for PDF classification and text extraction without OCR.,,https://github.com/firecrawl/pdf-inspector,oss-library,true,true,free,,2026-02-06,2026-06-24,1540,1
opendataloader-pdf,opendataloader-pdf,RAG & Knowledge Graphs,Various,"Fast, production-ready PDF text extraction engine optimized for RAG.",,https://github.com/opendataloader-project/opendataloader-pdf,oss-library,true,true,free,,2025-05-13,2026-06-25,26067,1
liteparse,liteparse,RAG & Knowledge Graphs,Python,Light-weight PDF parsing optimized for LlamaIndex and RAG workflows.,,https://github.com/run-llama/liteparse,oss-library,true,true,free,,2026-02-09,2026-06-26,11194,5
presidio,presidio,"Security, Privacy & Pentesting",Python,Open-source SDK for detecting and anonymizing PII in text and images,,https://github.com/microsoft/presidio,oss-library,true,true,free,,2018-05-04,2026-06-28,9731,3
Shannon,shannon,"Security, Privacy & Pentesting",Python,Autonomous white-box AI pentester for web apps and APIs,,https://github.com/KeygraphHQ/shannon,oss-library,true,true,free,,2025-09-27,2026-06-23,45190,1
Deepsec,deepsec,"Security, Privacy & Pentesting",TypeScript,Security harness powered by coding agents to find vulnerabilities in codebases,,https://github.com/vercel-labs/deepsec,oss-library,true,true,free,,2026-04-30,2026-06-22,3457,1
Kali Pentest,kali-pentest,"Security, Privacy & Pentesting",Various,Kali Linux pentesting skill for AI agents that autonomously plans and adapts attacks,,https://github.com/x-glacier/kali-pentest,oss-library,true,true,free,,2026-05-05,2026-06-25,53,1
Claude Security Guidance,claude-security-guidance,"Security, Privacy & Pentesting",Python,Official Anthropic Claude Code plugin providing security guidance for safe development,,https://github.com/anthropics/claude-plugins-official/tree/main/plugins/security-guidance,oss-library,true,true,free,,2025-11-20,2026-06-28,31226,2
Agent Governance Toolkit,agent-governance-toolkit,"Security, Privacy & Pentesting",Python,"Policy enforcement, zero-trust identity, execution sandboxing, and reliability engineering for autonomous AI agents",,https://github.com/microsoft/agent-governance-toolkit,oss-library,true,true,free,,2026-03-02,2026-06-26,4535,4
CubeSandbox,cubesandbox,"Security, Privacy & Pentesting",Rust,"Instant, concurrent, secure, lightweight sandbox for AI agents",,https://github.com/TencentCloud/CubeSandbox,oss-library,true,true,free,,2026-04-10,2026-06-28,6535,1
Bumblebee,bumblebee,"Security, Privacy & Pentesting",Go,Read-only developer endpoint scanner for checking exposure to known software supply-chain compromises,,https://github.com/perplexityai/bumblebee,oss-library,true,true,free,,2026-05-20,2026-06-25,4649,1
blue-spec,blue-spec,"Security, Privacy & Pentesting",TypeScript,Toolkit for Security-Driven Hardening (SDH) designed to help AI agents profile systems and harden defenses.,https://yawo.github.io/architools/tooling/blue-spec.html,,hybrid,false,false,freemium,,,,0,2
GenCAD,gencad,UI/UX & Design Tools,Various,AI model that converts images or sketches into editable 3D CAD programs,,https://github.com/ferdous-alam/GenCAD,oss-library,true,true,free,,2024-09-16,2025-07-14,3564,2
UI/UX Pro Max Skill,ui-ux-pro-max-skill,UI/UX & Design Tools,Various,AI skill providing design intelligence for building professional multi-platform UI/UX,,https://github.com/nextlevelbuilder/ui-ux-pro-max-skill,oss-library,true,true,free,,2025-11-30,2026-06-28,97252,1
Open Codesign,open-codesign,UI/UX & Design Tools,Web,Open-source platform for collaborative design and co-creation projects,https://opencoworkai.github.io/open-codesign/,,hybrid,false,false,freemium,,,,0,1
Open Design,open-design,UI/UX & Design Tools,TypeScript,"Local-first, open-source alternative to Anthropic's Claude Design",,https://github.com/nexu-io/open-design,oss-library,true,true,free,,2026-04-28,2026-06-28,72117,1
Maket,maket,UI/UX & Design Tools,Web,French-language design and layout tool for project pages,https://ng-galien.github.io/maket/fr/,,hybrid,false,false,freemium,,,,0,2
GetDesign.md,getdesign-md,UI/UX & Design Tools,Web,Resource hub offering design tools and assets for creatives,https://getdesign.md,,hybrid,false,false,freemium,,,,0,3
Awesome Design MD,awesome-design-md,UI/UX & Design Tools,Markdown,Collection of DESIGN.md files inspired by brand design systems,,https://github.com/VoltAgent/awesome-design-md,oss-library,true,true,free,,2026-03-31,2026-06-16,93904,1
MarpX,marpx,UI/UX & Design Tools,CSS,"Marp themes for beautiful, semantic, and powerful AI-generated presentations.",,https://github.com/chopratejas/MarpX,oss-library,true,true,free,,,,0,1
handy.computer,handy-computer,UI/UX & Design Tools,SaaS,Desktop AI interface for seamless human-AI collaboration.,https://handy.computer/,,saas,false,false,freemium,,,,0,1
Smol Audio,smol-audio,Voice & Audio AI,Python,"Practical, Colab-friendly notebooks for fine-tuning and running audio AI models",,https://github.com/Deep-unlearning/smol-audio,oss-library,true,true,free,,2026-02-17,2026-05-19,418,3
Voicebox,voicebox,Voice & Audio AI,SaaS,Voice AI platform offering advanced voice synthesis and related services,https://voicebox.sh/,,saas,false,false,freemium,,,,0,1
VibeVoice,vibevoice,Voice & Audio AI,Python,Open-source voice AI toolkit for advanced frontier voice applications,,https://github.com/microsoft/VibeVoice,oss-library,true,true,free,,2025-08-25,2026-05-06,49666,1
Dograh,dograh,Voice & Audio AI,Python/TypeScript,"Open source voice agent platform, self-hostable alternative to Vapi & Retell",,https://github.com/dograh-hq/dograh,oss-library,true,true,free,,2025-09-09,2026-06-28,4678,1
LiveKit Agents,livekit-agents,Voice & Audio AI,Python,Framework for building realtime voice AI agents with audio and video support,,https://github.com/livekit/agents,oss-library,true,true,free,,2023-10-19,2026-06-27,11158,2
Eloquent,eloquent,Voice & Audio AI,SaaS,On-device AI dictation by Google powered by Gemma models for real-time transcript polishing.,https://eloquent.google/,,saas,false,false,freemium,,,,0,2
personaplex,personaplex,Voice & Audio AI,Python,Real-time voice and role control for speech models (NVIDIA).,,https://github.com/chopratejas/personaplex,oss-library,true,true,free,,,,0,4
MOSS-TTS,moss-tts,Voice & Audio AI,Python,Open-source speech and sound generation model family.,,https://github.com/chopratejas/MOSS-TTS,oss-library,true,true,free,,,,0,5
Whisper,whisper,Voice & Audio AI,Python,Robust speech recognition via large-scale weak supervision.,https://yawo.github.io/architools/tooling/whisper.html,,hybrid,false,false,freemium,,,,0,6
HeliosGen,heliosgen,Video & Media Generation,TypeScript,Self-hosted generative AI platform for building image and video pipelines,,https://github.com/SegFault42/HeliosGen,oss-library,true,true,free,,2026-04-12,2026-06-23,66,3
Hyperframes,hyperframes,Video & Media Generation,TypeScript,Write HTML and render videos with a TypeScript framework built for AI agents,,https://github.com/heygen-com/hyperframes,oss-library,true,true,free,,2026-03-10,2026-06-28,31832,1
Claude Video,claude-video,Video & Media Generation,Various,"Give Claude the ability to watch any video. Downloads, extracts frames, transcribes, and analyzes.",,https://github.com/bradautomates/claude-video,oss-library,true,true,free,,2026-04-24,2026-05-08,2616,1
Sana,sana,Video & Media Generation,Python,Efficient high-resolution image synthesis with linear diffusion transformer,,https://github.com/NVlabs/Sana,oss-library,true,true,free,,2024-10-11,2026-06-25,8400,1
Presenton,presenton,Video & Media Generation,TypeScript,"Open-source AI presentation generator and API (Gamma, Beautiful AI alternative)",,https://github.com/presenton/presenton,oss-library,true,true,free,,2025-05-10,2026-06-27,8557,2
Medusa,medusa,Web & App Frameworks,TypeScript,"Open-source, flexible commerce platform and framework for custom applications",https://yawo.github.io/architools/tooling/medusa.html,,hybrid,false,false,freemium,,,,0,4
Nango,nango,Web & App Frameworks,TypeScript,Build product integrations with AI — unified API platform for SaaS connectors,,https://github.com/NangoHQ/nango,oss-library,true,true,free,,2020-04-09,2026-06-27,10862,1
Skybridge,skybridge,Web & App Frameworks,TypeScript,"Full-stack TypeScript framework for MCP Apps and ChatGPT Apps — type-safe, React-powered, platform-agnostic",,https://github.com/alpic-ai/skybridge,oss-library,true,true,free,,2025-10-07,2026-06-27,1876,3
Twenty,twenty,Web & App Frameworks,SaaS,"Open-source CRM — a modern, community-driven alternative to Salesforce",https://twenty.com/,,saas,false,false,freemium,,,,0,1
Web-to-App,web-to-app,Web & App Frameworks,TypeScript,Tool to convert websites to native desktop applications easily.,,https://github.com/shiaho777/web-to-app,oss-library,true,true,free,,2025-11-26,2026-06-28,4563,2
Bottega,bottega,Web & App Frameworks,Ruby,AI-powered code generator for Ruby on Rails applications.,,https://github.com/vdaubry/bottega,oss-library,true,true,free,,2026-05-23,2026-06-20,78,1
Cloak Browser,cloak-browser,Web Scraping & Automation,Various,Stealth Chromium browser that passes bot detection tests; drop-in Playwright replacement with source-level fingerprint patches,,https://github.com/CloakHQ/CloakBrowser,oss-library,true,true,free,,2026-02-22,2026-06-28,27303,1
Scrapling,scrapling,Web Scraping & Automation,Python,Adaptive Python web scraping framework for tasks from single requests to full-scale crawls,,https://github.com/D4Vinci/Scrapling,oss-library,true,true,free,,2024-10-13,2026-06-26,66544,2
Obscura,obscura,Web Scraping & Automation,Rust,The headless browser for AI agents and web scraping. Lightweight Rust implementation with CDP support.,,https://github.com/h4ckf0r0day/obscura,oss-library,true,true,free,,2026-04-13,2026-06-26,16271,1
Smaug,smaug,Web Scraping & Automation,JavaScript,Archive your Twitter/X bookmarks to markdown with AI-powered analysis,,https://github.com/alexknowshtml/smaug,oss-library,true,true,free,,2026-01-02,2026-02-03,829,1
Crawl4AI,crawl4ai,Web Scraping & Automation,Python,Open-source LLM-friendly web crawler and scraper,,https://github.com/unclecode/crawl4ai,oss-library,true,true,free,,2024-05-09,2026-06-27,69869,1
Telecrawl,telecrawl,Web Scraping & Automation,Go,Telegram for Claws — messaging integration for AI agents,,https://github.com/openclaw/telecrawl,oss-library,true,true,free,,2026-05-08,2026-06-20,58,2
BirdClaw,birdclaw,Web Scraping & Automation,TypeScript,Stores all your tweets nicely claw-able for AI agents,,https://github.com/steipete/birdclaw,oss-library,true,true,free,,2026-03-08,2026-06-22,1366,1
WaCrawl,wacrawl,Web Scraping & Automation,Go,WhatsApp archaeology with encrypted receipts — conversation archiver,,https://github.com/steipete/wacrawl,oss-library,true,true,free,,2026-04-25,2026-06-23,155,1
Paperasse,paperasse,French Admin & Finance Skills,Markdown,"6 skills pour agents IA : Comptable, Contrôleur Fiscal, Commissaire aux Comptes, Fiscaliste, Notaire, Syndic",,https://github.com/romainsimon/paperasse,oss-library,true,true,free,,2026-02-05,2026-05-13,2198,1
Leaf,leaf,Developer Utilities,1.1k,Terminal Markdown previewer with GUI-like experience,,https://github.com/RivoLink/leaf,oss-library,true,true,free,,2026-04-06,2026-06-27,1613,1
LLM From Scratch,llm-from-scratch,LLM Training & Education,Python,Train Your Own LLM From Scratch. A hands-on workshop building a small GPT model from tokenizer to text generation.,,https://github.com/angelos-p/llm-from-scratch,oss-library,true,true,free,,2026-04-04,2026-05-05,3091,1
Draw.io Obsidian,draw-io-obsidian,Obsidian Ecosystem,Various,Draw.io plugin for Obsidian.md. Enables creating and editing diagrams as SVG or .drawio files within notes.,,https://github.com/zapthedingbat/drawio-obsidian,oss-library,true,true,free,,2021-08-28,2026-02-22,652,2
Obsidian Excalidraw,obsidian-excalidraw,Obsidian Ecosystem,Various,"A plugin to edit and view Excalidraw drawings in Obsidian. Supports embedding, linking, and advanced sketching features.",,https://github.com/zsviczian/obsidian-excalidraw-plugin,oss-library,true,true,free,,2021-04-17,2026-06-27,7194,1
obsidian-second-brain,obsidian-second-brain,Obsidian Ecosystem,Python/Shell,Cross-CLI skill for Obsidian that turns your vault into a living AI-first second brain.,https://yawo.github.io/architools/tooling/obsidian-second-brain.html,,hybrid,false,false,freemium,,,,0,1
DataGouv MCP,datagouv-mcp,Data & Open Data,Various,"Official data.gouv.fr MCP server for searching, exploring, and analyzing French open datasets via AI chatbots.",,https://github.com/datagouv/datagouv-mcp,oss-library,true,true,free,,2025-11-25,2026-06-24,1548,1
